source;brand;brand_slug;model;public_price_mad;source_url
siaracash.ma;Abarth;abarth;ABARTH 595;324.500;https://siaracash.ma/voiture-neuve/abarth/abarth-595
siaracash.ma;Abarth;abarth;ABARTH 695;352.000;https://siaracash.ma/voiture-neuve/abarth/abarth-695
siaracash.ma;Alfa Romeo;alfa-romeo;ALFA ROMEO Giulia;465.000;https://siaracash.ma/voiture-neuve/alfa-romeo/alfa-romeo-giulia
siaracash.ma;Alfa Romeo;alfa-romeo;ALFA ROMEO Junior;285.490;https://siaracash.ma/voiture-neuve/alfa-romeo/alfa-romeo-junior
siaracash.ma;Alfa Romeo;alfa-romeo;ALFA ROMEO Junior EV;430.000;https://siaracash.ma/voiture-neuve/alfa-romeo/alfa-romeo-junior-ev
siaracash.ma;Alfa Romeo;alfa-romeo;ALFA ROMEO Stelvio;439.000;https://siaracash.ma/voiture-neuve/alfa-romeo/alfa-romeo-stelvio
siaracash.ma;Alfa Romeo;alfa-romeo;ALFA ROMEO Tonale;370.000;https://siaracash.ma/voiture-neuve/alfa-romeo/alfa-romeo-tonale
siaracash.ma;Audi;audi;AUDI A1 Sportback;299.000;https://siaracash.ma/voiture-neuve/audi/audi-a1-sportback
siaracash.ma;Audi;audi;AUDI A3 Berline;380.000;https://siaracash.ma/voiture-neuve/audi/audi-a3-berline
siaracash.ma;Audi;audi;AUDI A3 Sportback;327.000;https://siaracash.ma/voiture-neuve/audi/audi-a3-sportback
siaracash.ma;Audi;audi;AUDI A5;600.000;https://siaracash.ma/voiture-neuve/audi/audi-a5
siaracash.ma;Audi;audi;AUDI A5 Coupé;517.000;https://siaracash.ma/voiture-neuve/audi/audi-a5-coupe
siaracash.ma;Audi;audi;AUDI A5 SportBack;522.000;https://siaracash.ma/voiture-neuve/audi/audi-a5-sportback
siaracash.ma;Audi;audi;AUDI A6;555.000;https://siaracash.ma/voiture-neuve/audi/audi-a6
siaracash.ma;Audi;audi;AUDI A6 PHEV;800.000;https://siaracash.ma/voiture-neuve/audi/audi-a6-phev
siaracash.ma;Audi;audi;AUDI A7;830.000;https://siaracash.ma/voiture-neuve/audi/audi-a7
siaracash.ma;Audi;audi;AUDI A8;1.230.000;https://siaracash.ma/voiture-neuve/audi/audi-a8
siaracash.ma;Audi;audi;AUDI A8 PHEV;1.849.000;https://siaracash.ma/voiture-neuve/audi/audi-a8-phev
siaracash.ma;Audi;audi;AUDI Q2;348.000;https://siaracash.ma/voiture-neuve/audi/audi-q2
siaracash.ma;Audi;audi;AUDI Q3;443.000;https://siaracash.ma/voiture-neuve/audi/audi-q3
siaracash.ma;Audi;audi;AUDI Q3 Sportback;528.000;https://siaracash.ma/voiture-neuve/audi/audi-q3-sportback
siaracash.ma;Audi;audi;AUDI Q5;540.000;https://siaracash.ma/voiture-neuve/audi/audi-q5
siaracash.ma;Audi;audi;AUDI Q5 Sportback;734.000;https://siaracash.ma/voiture-neuve/audi/audi-q5-sportback
siaracash.ma;Audi;audi;AUDI Q7;769.000;https://siaracash.ma/voiture-neuve/audi/audi-q7
siaracash.ma;Audi;audi;AUDI Q7 PHEV;1.128.000;https://siaracash.ma/voiture-neuve/audi/audi-q7-phev
siaracash.ma;Audi;audi;AUDI Q8;965.000;https://siaracash.ma/voiture-neuve/audi/audi-q8
siaracash.ma;Audi;audi;AUDI Q8 e-tron;900.000;https://siaracash.ma/voiture-neuve/audi/audi-q8-e-tron
siaracash.ma;Audi;audi;AUDI Q8 PHEV;1.280.000;https://siaracash.ma/voiture-neuve/audi/audi-q8-phev
siaracash.ma;Audi;audi;AUDI Q8 Sportback e-tron;960.000;https://siaracash.ma/voiture-neuve/audi/audi-q8-sportback-e-tron
siaracash.ma;Baic;baic;BAIC U5 Plus;165.000;https://siaracash.ma/voiture-neuve/baic/baic-u5-plus
siaracash.ma;Baic;baic;BAIC X35;169.000;https://siaracash.ma/voiture-neuve/baic/baic-x35
siaracash.ma;Baic;baic;BAIC X55;235.000;https://siaracash.ma/voiture-neuve/baic/baic-x55
siaracash.ma;Baic;baic;BAIC X7;269.000;https://siaracash.ma/voiture-neuve/baic/baic-x7-
siaracash.ma;Bmw;bmw;BMW i5;973.000;https://siaracash.ma/voiture-neuve/bmw/bmw-i5
siaracash.ma;Bmw;bmw;BMW i7;2.100.000;https://siaracash.ma/voiture-neuve/bmw/bmw-i7
siaracash.ma;Bmw;bmw;BMW iX;985.000;https://siaracash.ma/voiture-neuve/bmw/bmw-ix
siaracash.ma;Bmw;bmw;BMW Série 1;334.000;https://siaracash.ma/voiture-neuve/bmw/bmw-serie-1
siaracash.ma;Bmw;bmw;BMW Série 2 Active Tourer;397.000;https://siaracash.ma/voiture-neuve/bmw/bmw-serie-2-active-tourer
siaracash.ma;Bmw;bmw;BMW Série 2 Gran Coupé;409.900;https://siaracash.ma/voiture-neuve/bmw/bmw-serie-2-gran-coupe
siaracash.ma;Bmw;bmw;BMW Série 3;489.700;https://siaracash.ma/voiture-neuve/bmw/bmw-serie-3
siaracash.ma;Bmw;bmw;BMW Série 4 Cabriolet;721.000;https://siaracash.ma/voiture-neuve/bmw/bmw-serie-4-cabriolet
siaracash.ma;Bmw;bmw;BMW Série 4 Coupé;594.000;https://siaracash.ma/voiture-neuve/bmw/bmw-serie-4-coupe
siaracash.ma;Bmw;bmw;BMW Série 4 Gran Coupé;629.000;https://siaracash.ma/voiture-neuve/bmw/bmw-serie-4-gran-coupe
siaracash.ma;Bmw;bmw;BMW Série 5;577.000;https://siaracash.ma/voiture-neuve/bmw/bmw-serie-5
siaracash.ma;Bmw;bmw;BMW Série 5 PHEV;710.000;https://siaracash.ma/voiture-neuve/bmw/bmw-serie-5-phev
siaracash.ma;Bmw;bmw;BMW Série 7;1.340.000;https://siaracash.ma/voiture-neuve/bmw/bmw-serie-7
siaracash.ma;Bmw;bmw;BMW Série 7 PHEV;1.485.000;https://siaracash.ma/voiture-neuve/bmw/bmw-serie-7-phev
siaracash.ma;Bmw;bmw;BMW Série 8 Coupé;1.573.000;https://siaracash.ma/voiture-neuve/bmw/bmw-serie-8-coupe
siaracash.ma;Bmw;bmw;BMW Série 8 Gran Coupé;1.564.000;https://siaracash.ma/voiture-neuve/bmw/bmw-serie-8-gran-coupe
siaracash.ma;Bmw;bmw;BMW X1;455.000;https://siaracash.ma/voiture-neuve/bmw/bmw-x1
siaracash.ma;Bmw;bmw;BMW X2;484.000;https://siaracash.ma/voiture-neuve/bmw/bmw-x2
siaracash.ma;Bmw;bmw;BMW X3;508.000;https://siaracash.ma/voiture-neuve/bmw/bmw-x3
siaracash.ma;Bmw;bmw;BMW X4;658.000;https://siaracash.ma/voiture-neuve/bmw/bmw-x4
siaracash.ma;Bmw;bmw;BMW X5;770.000;https://siaracash.ma/voiture-neuve/bmw/bmw-x5
siaracash.ma;Bmw;bmw;BMW X5 PHEV;914.000;https://siaracash.ma/voiture-neuve/bmw/bmw-x5-phev
siaracash.ma;Bmw;bmw;BMW X6;1.010.000;https://siaracash.ma/voiture-neuve/bmw/bmw-x6
siaracash.ma;Bmw;bmw;BMW X7;727.000;https://siaracash.ma/voiture-neuve/bmw/bmw-x7
siaracash.ma;Bmw;bmw;BMW XM;1.797.000;https://siaracash.ma/voiture-neuve/bmw/bmw-xm
siaracash.ma;Bmw;bmw;BMW Z4;761.000;https://siaracash.ma/voiture-neuve/bmw/bmw-z4
siaracash.ma;Byd;byd;BYD ATTO 2 PHEV;259.900;https://siaracash.ma/voiture-neuve/byd/byd-atto-2-phev
siaracash.ma;Byd;byd;BYD ATTO 3;339.900;https://siaracash.ma/voiture-neuve/byd/byd-atto-3
siaracash.ma;Byd;byd;BYD HAN;659.900;https://siaracash.ma/voiture-neuve/byd/byd-han
siaracash.ma;Byd;byd;BYD Seagull;199.900;https://siaracash.ma/voiture-neuve/byd/byd-seagull
siaracash.ma;Byd;byd;BYD SEAL;469.900;https://siaracash.ma/voiture-neuve/byd/byd-seal
siaracash.ma;Byd;byd;BYD SEAL 5 PHEV;259.900;https://siaracash.ma/voiture-neuve/byd/byd-seal-5-phev
siaracash.ma;Byd;byd;BYD SEAL U PHEV;359.900;https://siaracash.ma/voiture-neuve/byd/byd-seal-u-phev
siaracash.ma;Byd;byd;BYD SEALION 7;489.900;https://siaracash.ma/voiture-neuve/byd/byd-sealion-7
siaracash.ma;Byd;byd;BYD TANG;709.900;https://siaracash.ma/voiture-neuve/byd/byd-tang
siaracash.ma;Changan;changan;CHANGAN Alsvin;164.900;https://siaracash.ma/voiture-neuve/changan/changan-alsvin
siaracash.ma;Changan;changan;CHANGAN CS35+;229.900;https://siaracash.ma/voiture-neuve/changan/changan-cs35-
siaracash.ma;Changan;changan;CHANGAN CS55+;269.900;https://siaracash.ma/voiture-neuve/changan/changan-cs55-
siaracash.ma;Changan;changan;CHANGAN UNI-K;459.900;https://siaracash.ma/voiture-neuve/changan/changan-uni-k
siaracash.ma;Chery;chery;CHERY Tiggo 2 Pro;145.000;https://siaracash.ma/voiture-neuve/chery/chery-tiggo-2-pro
siaracash.ma;Chery;chery;CHERY Tiggo 3 X;163.000;https://siaracash.ma/voiture-neuve/chery/chery-tiggo-3-x
siaracash.ma;Chery;chery;CHERY Tiggo 4 Cross HEV;229.000;https://siaracash.ma/voiture-neuve/chery/chery-tiggo-4-cross-hev
siaracash.ma;Chery;chery;CHERY Tiggo 4 Pro;165.000;https://siaracash.ma/voiture-neuve/chery/chery-tiggo-4-pro
siaracash.ma;Chery;chery;CHERY Tiggo 7 Pro;290.000;https://siaracash.ma/voiture-neuve/chery/chery-tiggo-7-pro
siaracash.ma;Chery;chery;CHERY Tiggo 7 Pro PHEV;309.000;https://siaracash.ma/voiture-neuve/chery/chery-tiggo-7-pro-phev
siaracash.ma;Chery;chery;CHERY Tiggo 8 Pro;375.000;https://siaracash.ma/voiture-neuve/chery/chery-tiggo-8-pro
siaracash.ma;Chery;chery;CHERY Tiggo 8 Pro PHEV;359.000;https://siaracash.ma/voiture-neuve/chery/chery-tiggo-8-pro-phev
siaracash.ma;Citroen;citroen;CITROEN AMI;90.900;https://siaracash.ma/voiture-neuve/citroen/citroen-ami
siaracash.ma;Citroen;citroen;CITROEN Berlingo;195.900;https://siaracash.ma/voiture-neuve/citroen/citroen-berlingo
siaracash.ma;Citroen;citroen;CITROEN C3;213.000;https://siaracash.ma/voiture-neuve/citroen/citroen-c3
siaracash.ma;Citroen;citroen;CITROEN C3 AirCross;229.900;https://siaracash.ma/voiture-neuve/citroen/citroen-c3-aircross
siaracash.ma;Citroen;citroen;CITROEN C4;223.900;https://siaracash.ma/voiture-neuve/citroen/citroen-c4
siaracash.ma;Citroen;citroen;CITROEN C4 X;213.900;https://siaracash.ma/voiture-neuve/citroen/citroen-c4-x
siaracash.ma;Citroen;citroen;CITROEN C5 AirCross;295.900;https://siaracash.ma/voiture-neuve/citroen/citroen-c5-aircross
siaracash.ma;Cupra;cupra;CUPRA Formentor;380.900;https://siaracash.ma/voiture-neuve/cupra/cupra-formentor
siaracash.ma;Cupra;cupra;CUPRA Formentor PHEV;510.000;https://siaracash.ma/voiture-neuve/cupra/cupra-formentor-phev
siaracash.ma;Cupra;cupra;CUPRA Leon;390.000;https://siaracash.ma/voiture-neuve/cupra/cupra-leon
siaracash.ma;Cupra;cupra;CUPRA Terramar;425.900;https://siaracash.ma/voiture-neuve/cupra/cupra-terramar
siaracash.ma;Cupra;cupra;CUPRA Terramar PHEV;467.900;https://siaracash.ma/voiture-neuve/cupra/cupra-terramar-phev
siaracash.ma;Dacia;dacia;DACIA Bigster;264.500;https://siaracash.ma/voiture-neuve/dacia/dacia-bigster
siaracash.ma;Dacia;dacia;DACIA Bigster HEV;293.000;https://siaracash.ma/voiture-neuve/dacia/dacia-bigster-hev
siaracash.ma;Dacia;dacia;DACIA Duster;199.000;https://siaracash.ma/voiture-neuve/dacia/dacia-duster
siaracash.ma;Dacia;dacia;DACIA Jogger;190.900;https://siaracash.ma/voiture-neuve/dacia/dacia-jogger
siaracash.ma;Dacia;dacia;DACIA Jogger HEV;256.900;https://siaracash.ma/voiture-neuve/dacia/dacia-jogger-hev
siaracash.ma;Dacia;dacia;DACIA Logan;137.000;https://siaracash.ma/voiture-neuve/dacia/dacia-logan
siaracash.ma;Dacia;dacia;DACIA Sandero;126.000;https://siaracash.ma/voiture-neuve/dacia/dacia-sandero
siaracash.ma;Dacia;dacia;DACIA Sandero Stepway;155.000;https://siaracash.ma/voiture-neuve/dacia/dacia-sandero-stepway
siaracash.ma;Dacia;dacia;DACIA Sandero Streetway;130.000;https://siaracash.ma/voiture-neuve/dacia/dacia-sandero-streetway
siaracash.ma;Dacia;dacia;DACIA Spring;199.000;https://siaracash.ma/voiture-neuve/dacia/dacia-spring
siaracash.ma;Deepal;deepal;DEEPAL S05 REEV;329.900;https://siaracash.ma/voiture-neuve/deepal/deepal-s05-reev
siaracash.ma;Deepal;deepal;DEEPAL S07 REEV;369.900;https://siaracash.ma/voiture-neuve/deepal/deepal-s07-reev
siaracash.ma;Dfsk;dfsk;DFSK E5;255.000;https://siaracash.ma/voiture-neuve/dfsk/dfsk-e5-
siaracash.ma;Dfsk;dfsk;DFSK Glory 500;195.000;https://siaracash.ma/voiture-neuve/dfsk/dfsk-glory-500
siaracash.ma;Dfsk;dfsk;DFSK Glory 580;269.000;https://siaracash.ma/voiture-neuve/dfsk/dfsk-glory-580
siaracash.ma;Dongfeng;dongfeng;DONGFENG BOX;239.000;https://siaracash.ma/voiture-neuve/dongfeng/dongfeng-box
siaracash.ma;Dongfeng;dongfeng;DONGFENG HUGE;319.000;https://siaracash.ma/voiture-neuve/dongfeng/dongfeng-huge
siaracash.ma;Dongfeng;dongfeng;DONGFENG MAGE;269.900;https://siaracash.ma/voiture-neuve/dongfeng/dongfeng-mage
siaracash.ma;Dongfeng;dongfeng;DONGFENG SHINE;179.000;https://siaracash.ma/voiture-neuve/dongfeng/dongfeng-shine
siaracash.ma;Dongfeng;dongfeng;DONGFENG SHINE MAX;269.000;https://siaracash.ma/voiture-neuve/dongfeng/dongfeng-shine-max
siaracash.ma;Ds;ds;DS DS 4;329.900;https://siaracash.ma/voiture-neuve/ds/ds-ds-4
siaracash.ma;Ds;ds;DS DS 7;399.900;https://siaracash.ma/voiture-neuve/ds/ds-ds-7
siaracash.ma;Ds;ds;DS DS 7 E-Tense;519.900;https://siaracash.ma/voiture-neuve/ds/ds-ds-7-e-tense
siaracash.ma;Exeed;exeed;EXEED Exlantix ES;509.900;https://siaracash.ma/voiture-neuve/exeed/exeed-exlantix-es
siaracash.ma;Exeed;exeed;EXEED Exlantix ET;519.900;https://siaracash.ma/voiture-neuve/exeed/exeed-exlantix-et
siaracash.ma;Exeed;exeed;EXEED RX;379.900;https://siaracash.ma/voiture-neuve/exeed/exeed-rx-
siaracash.ma;Fiat;fiat;FIAT 500;174.900;https://siaracash.ma/voiture-neuve/fiat/fiat-500
siaracash.ma;Fiat;fiat;FIAT 500C;222.050;https://siaracash.ma/voiture-neuve/fiat/fiat-500c
siaracash.ma;Fiat;fiat;FIAT 500X;230.000;https://siaracash.ma/voiture-neuve/fiat/fiat-500x
siaracash.ma;Fiat;fiat;FIAT 600;287.900;https://siaracash.ma/voiture-neuve/fiat/fiat-600
siaracash.ma;Fiat;fiat;FIAT 600e;482.900;https://siaracash.ma/voiture-neuve/fiat/fiat-600e
siaracash.ma;Fiat;fiat;FIAT Doblo;220.000;https://siaracash.ma/voiture-neuve/fiat/fiat-doblo
siaracash.ma;Fiat;fiat;FIAT Tipo;202.000;https://siaracash.ma/voiture-neuve/fiat/fiat-tipo
siaracash.ma;Ford;ford;FORD Explorer;900.000;https://siaracash.ma/voiture-neuve/ford/ford-explorer
siaracash.ma;Ford;ford;FORD Focus;320.000;https://siaracash.ma/voiture-neuve/ford/ford-focus
siaracash.ma;Ford;ford;FORD Focus Sedan;270.000;https://siaracash.ma/voiture-neuve/ford/ford-focus-sedan
siaracash.ma;Ford;ford;FORD Kuga;370.000;https://siaracash.ma/voiture-neuve/ford/ford-kuga
siaracash.ma;Ford;ford;FORD Mustang;740.000;https://siaracash.ma/voiture-neuve/ford/ford-mustang
siaracash.ma;Ford;ford;FORD Ranger;380.000;https://siaracash.ma/voiture-neuve/ford/ford-ranger
siaracash.ma;Ford;ford;FORD Territory;315.000;https://siaracash.ma/voiture-neuve/ford/ford-territory
siaracash.ma;Geely;geely;GEELY CITYRAY;239.900;https://siaracash.ma/voiture-neuve/geely/geely-cityray
siaracash.ma;Geely;geely;GEELY Coolray;209.900;https://siaracash.ma/voiture-neuve/geely/geely-coolray
siaracash.ma;Geely;geely;GEELY Emgrand;189.900;https://siaracash.ma/voiture-neuve/geely/geely-emgrand
siaracash.ma;Geely;geely;GEELY EX5 PHEV;339.900;https://siaracash.ma/voiture-neuve/geely/geely-ex5-phev
siaracash.ma;Geely;geely;GEELY Geometry C;315.000;https://siaracash.ma/voiture-neuve/geely/geely-geometry-c
siaracash.ma;Geely;geely;GEELY GX3 Pro;149.900;https://siaracash.ma/voiture-neuve/geely/geely-gx3-pro
siaracash.ma;Gwm;gwm;GWM HAVAL H6;299.900;https://siaracash.ma/voiture-neuve/gwm/gwm-haval-h6
siaracash.ma;Gwm;gwm;GWM HAVAL H6 PHEV;394.900;https://siaracash.ma/voiture-neuve/gwm/gwm-haval-h6-phev
siaracash.ma;Gwm;gwm;GWM HAVAL H7;369.900;https://siaracash.ma/voiture-neuve/gwm/gwm-haval-h7
siaracash.ma;Gwm;gwm;GWM HAVAL Jolion;209.900;https://siaracash.ma/voiture-neuve/gwm/gwm-haval-jolion
siaracash.ma;Gwm;gwm;GWM HAVAL Jolion Pro;299.900;https://siaracash.ma/voiture-neuve/gwm/gwm-haval-jolion-pro
siaracash.ma;Gwm;gwm;GWM ORA 03;379.900;https://siaracash.ma/voiture-neuve/gwm/gwm-ora-03
siaracash.ma;Gwm;gwm;GWM POER DC;249.900;https://siaracash.ma/voiture-neuve/gwm/gwm-poer-dc
siaracash.ma;Gwm;gwm;GWM TANK 300;449.900;https://siaracash.ma/voiture-neuve/gwm/gwm-tank-300
siaracash.ma;Gwm;gwm;GWM WEY 05;655.000;https://siaracash.ma/voiture-neuve/gwm/gwm-wey-05
siaracash.ma;Honda;honda;HONDA Accord;415.745;https://siaracash.ma/voiture-neuve/honda/honda-accord
siaracash.ma;Honda;honda;HONDA CR-V;450.000;https://siaracash.ma/voiture-neuve/honda/honda-cr-v
siaracash.ma;Honda;honda;HONDA HR-V;333.000;https://siaracash.ma/voiture-neuve/honda/honda-hr-v
siaracash.ma;Honda;honda;HONDA Jazz;225.000;https://siaracash.ma/voiture-neuve/honda/honda-jazz
siaracash.ma;Hyundai;hyundai;HYUNDAI Accent;210.900;https://siaracash.ma/voiture-neuve/hyundai/hyundai-accent
siaracash.ma;Hyundai;hyundai;HYUNDAI Bayon;264.900;https://siaracash.ma/voiture-neuve/hyundai/hyundai-bayon
siaracash.ma;Hyundai;hyundai;HYUNDAI Creta;264.900;https://siaracash.ma/voiture-neuve/hyundai/hyundai-creta
siaracash.ma;Hyundai;hyundai;HYUNDAI Elantra;303.000;https://siaracash.ma/voiture-neuve/hyundai/hyundai-elantra
siaracash.ma;Hyundai;hyundai;HYUNDAI Grand i10 Sedan;162.900;https://siaracash.ma/voiture-neuve/hyundai/hyundai-grand-i10-sedan
siaracash.ma;Hyundai;hyundai;HYUNDAI i10;162.900;https://siaracash.ma/voiture-neuve/hyundai/hyundai-i10
siaracash.ma;Hyundai;hyundai;HYUNDAI i20;194.900;https://siaracash.ma/voiture-neuve/hyundai/hyundai-i20
siaracash.ma;Hyundai;hyundai;HYUNDAI IONIQ 5;599.000;https://siaracash.ma/voiture-neuve/hyundai/hyundai-ioniq-5
siaracash.ma;Hyundai;hyundai;HYUNDAI IONIQ 6;629.900;https://siaracash.ma/voiture-neuve/hyundai/hyundai-ioniq-6
siaracash.ma;Hyundai;hyundai;HYUNDAI Kona;337.900;https://siaracash.ma/voiture-neuve/hyundai/hyundai-kona
siaracash.ma;Hyundai;hyundai;HYUNDAI Santa Fe;442.000;https://siaracash.ma/voiture-neuve/hyundai/hyundai-santa-fe
siaracash.ma;Hyundai;hyundai;HYUNDAI Santa Fe HEV;515.900;https://siaracash.ma/voiture-neuve/hyundai/hyundai-santa-fe-hev
siaracash.ma;Hyundai;hyundai;HYUNDAI Sonata;379.900;https://siaracash.ma/voiture-neuve/hyundai/hyundai-sonata
siaracash.ma;Hyundai;hyundai;HYUNDAI Tucson;359.900;https://siaracash.ma/voiture-neuve/hyundai/hyundai-tucson
siaracash.ma;Hyundai;hyundai;HYUNDAI Tucson HEV;359.900;https://siaracash.ma/voiture-neuve/hyundai/hyundai-tucson-hev
siaracash.ma;Hyundai;hyundai;HYUNDAI Tucson PHEV;399.900;https://siaracash.ma/voiture-neuve/hyundai/hyundai-tucson-phev
siaracash.ma;Jac;jac;JAC E30X;229.000;https://siaracash.ma/voiture-neuve/jac/jac-e30x
siaracash.ma;Jaecoo;jaecoo;JAECOO J7;389.000;https://siaracash.ma/voiture-neuve/jaecoo/jaecoo-j7
siaracash.ma;Jaecoo;jaecoo;JAECOO J7 PHEV;369.000;https://siaracash.ma/voiture-neuve/jaecoo/jaecoo-j7-phev
siaracash.ma;Jaguar;jaguar;JAGUAR E-Pace;608.500;https://siaracash.ma/voiture-neuve/jaguar/jaguar-e-pace
siaracash.ma;Jaguar;jaguar;JAGUAR F-Pace;589.000;https://siaracash.ma/voiture-neuve/jaguar/jaguar-f-pace
siaracash.ma;Jaguar;jaguar;JAGUAR F-Type Coupé;766.200;https://siaracash.ma/voiture-neuve/jaguar/jaguar-f-type-coupe
siaracash.ma;Jeep;jeep;JEEP Avenger;294.000;https://siaracash.ma/voiture-neuve/jeep/jeep-avenger
siaracash.ma;Jeep;jeep;JEEP Compass;336.500;https://siaracash.ma/voiture-neuve/jeep/jeep-compass
siaracash.ma;Jeep;jeep;JEEP Grand Cherokee;730.000;https://siaracash.ma/voiture-neuve/jeep/jeep-grand-cherokee
siaracash.ma;Jeep;jeep;JEEP Renegade;290.000;https://siaracash.ma/voiture-neuve/jeep/jeep-renegade
siaracash.ma;Jeep;jeep;JEEP Wrangler;844.000;https://siaracash.ma/voiture-neuve/jeep/jeep-wrangler
siaracash.ma;Jetour;jetour;JETOUR Dashing;249.900;https://siaracash.ma/voiture-neuve/jetour/jetour-dashing
siaracash.ma;Jetour;jetour;JETOUR T2;360.900;https://siaracash.ma/voiture-neuve/jetour/jetour-t2
siaracash.ma;Jetour;jetour;JETOUR T2 PHEV;419.900;https://siaracash.ma/voiture-neuve/jetour/jetour-t2-phev
siaracash.ma;Kgm;kgm;KGM Musso Grand;329.900;https://siaracash.ma/voiture-neuve/kgm/kgm-musso-grand
siaracash.ma;Kgm;kgm;KGM Rexton;409.900;https://siaracash.ma/voiture-neuve/kgm/kgm-rexton-
siaracash.ma;Kgm;kgm;KGM Tivoli;239.900;https://siaracash.ma/voiture-neuve/kgm/kgm-tivoli-
siaracash.ma;Kgm;kgm;KGM Torres;349.900;https://siaracash.ma/voiture-neuve/kgm/kgm-torres
siaracash.ma;Kgm;kgm;KGM Torres EVX;529.900;https://siaracash.ma/voiture-neuve/kgm/kgm-torres-evx
siaracash.ma;Kia;kia;KIA Carens;320.000;https://siaracash.ma/voiture-neuve/kia/kia-carens
siaracash.ma;Kia;kia;KIA Carnival;468.300;https://siaracash.ma/voiture-neuve/kia/kia-carnival
siaracash.ma;Kia;kia;KIA EV3;359.000;https://siaracash.ma/voiture-neuve/kia/kia-ev3
siaracash.ma;Kia;kia;KIA EV5;591.500;https://siaracash.ma/voiture-neuve/kia/kia-ev5
siaracash.ma;Kia;kia;KIA EV6;657.600;https://siaracash.ma/voiture-neuve/kia/kia-ev6
siaracash.ma;Kia;kia;KIA EV9;969.300;https://siaracash.ma/voiture-neuve/kia/kia-ev9
siaracash.ma;Kia;kia;KIA Niro HEV;379.000;https://siaracash.ma/voiture-neuve/kia/kia-niro-hev
siaracash.ma;Kia;kia;KIA Picanto;145.900;https://siaracash.ma/voiture-neuve/kia/kia-picanto
siaracash.ma;Kia;kia;KIA Seltos;239.900;https://siaracash.ma/voiture-neuve/kia/kia-seltos
siaracash.ma;Kia;kia;KIA Sonet;190.000;https://siaracash.ma/voiture-neuve/kia/kia-sonet
siaracash.ma;Kia;kia;KIA Sorento;448.000;https://siaracash.ma/voiture-neuve/kia/kia-sorento
siaracash.ma;Kia;kia;KIA Sorento HEV;448.100;https://siaracash.ma/voiture-neuve/kia/kia-sorento-hev
siaracash.ma;Kia;kia;KIA Sportage;309.000;https://siaracash.ma/voiture-neuve/kia/kia-sportage
siaracash.ma;Kia;kia;KIA Sportage HEV;369.000;https://siaracash.ma/voiture-neuve/kia/kia-sportage-hev
siaracash.ma;Kia;kia;KIA Tasman;378.900;https://siaracash.ma/voiture-neuve/kia/kia-tasman
siaracash.ma;Land Rover;land-rover;LAND ROVER Defender 110;754.000;https://siaracash.ma/voiture-neuve/land-rover/land-rover-defender-110
siaracash.ma;Land Rover;land-rover;LAND ROVER Defender 110 PHEV;1.161.400;https://siaracash.ma/voiture-neuve/land-rover/land-rover-defender-110-phev
siaracash.ma;Land Rover;land-rover;LAND ROVER Defender 130;1.124.900;https://siaracash.ma/voiture-neuve/land-rover/land-rover-defender-130
siaracash.ma;Land Rover;land-rover;LAND ROVER Defender 90;760.600;https://siaracash.ma/voiture-neuve/land-rover/land-rover-defender-90
siaracash.ma;Land Rover;land-rover;LAND ROVER Discovery;774.600;https://siaracash.ma/voiture-neuve/land-rover/land-rover-discovery
siaracash.ma;Land Rover;land-rover;LAND ROVER Discovery Sport;516.850;https://siaracash.ma/voiture-neuve/land-rover/land-rover-discovery-sport
siaracash.ma;Land Rover;land-rover;LAND ROVER Range Rover;1.466.200;https://siaracash.ma/voiture-neuve/land-rover/land-rover-range-rover
siaracash.ma;Land Rover;land-rover;LAND ROVER Range Rover Evoque;473.900;https://siaracash.ma/voiture-neuve/land-rover/land-rover-range-rover-evoque
siaracash.ma;Land Rover;land-rover;LAND ROVER Range Rover PHEV;1.556.200;https://siaracash.ma/voiture-neuve/land-rover/land-rover-range-rover-phev
siaracash.ma;Land Rover;land-rover;LAND ROVER Range Rover Sport;1.156.500;https://siaracash.ma/voiture-neuve/land-rover/land-rover-range-rover-sport
siaracash.ma;Land Rover;land-rover;LAND ROVER Range Rover Sport PHEV;1.343.300;https://siaracash.ma/voiture-neuve/land-rover/land-rover-range-rover-sport-phev
siaracash.ma;Land Rover;land-rover;LAND ROVER Range Rover Velar;617.800;https://siaracash.ma/voiture-neuve/land-rover/land-rover-range-rover-velar
siaracash.ma;Land Rover;land-rover;LAND ROVER Range Rover Velar PHEV;768.800;https://siaracash.ma/voiture-neuve/land-rover/land-rover-range-rover-velar-phev
siaracash.ma;Leapmotor;leapmotor;LEAPMOTOR C10 REEV;350.000;https://siaracash.ma/voiture-neuve/leapmotor/leapmotor-c10-reev
siaracash.ma;Leapmotor;leapmotor;LEAPMOTOR T03;200.000;https://siaracash.ma/voiture-neuve/leapmotor/leapmotor-t03
siaracash.ma;Lexus;lexus;LEXUS ES;506.000;https://siaracash.ma/voiture-neuve/lexus/lexus-es
siaracash.ma;Lexus;lexus;LEXUS IS;538.000;https://siaracash.ma/voiture-neuve/lexus/lexus-is
siaracash.ma;Lexus;lexus;LEXUS LS;1.712.000;https://siaracash.ma/voiture-neuve/lexus/lexus-ls
siaracash.ma;Lexus;lexus;LEXUS NX;556.000;https://siaracash.ma/voiture-neuve/lexus/lexus-nx
siaracash.ma;Lexus;lexus;LEXUS RX;707.000;https://siaracash.ma/voiture-neuve/lexus/lexus-rx
siaracash.ma;Lexus;lexus;LEXUS UX;409.900;https://siaracash.ma/voiture-neuve/lexus/lexus-ux
siaracash.ma;Lynk Et Co;lynk--et-co;LYNK & CO 01;340.000;https://siaracash.ma/voiture-neuve/lynk--et-co/lynk--et-co-01
siaracash.ma;Lynk Et Co;lynk--et-co;LYNK & CO 02;399.000;https://siaracash.ma/voiture-neuve/lynk--et-co/lynk--et-co-02
siaracash.ma;Lynk Et Co;lynk--et-co;LYNK & CO 06;259.000;https://siaracash.ma/voiture-neuve/lynk--et-co/lynk--et-co-06
siaracash.ma;Lynk Et Co;lynk--et-co;LYNK & CO 08;399.000;https://siaracash.ma/voiture-neuve/lynk--et-co/lynk--et-co-08
siaracash.ma;Mahindra;mahindra;MAHINDRA KUV 100;119.900;https://siaracash.ma/voiture-neuve/mahindra/mahindra-kuv-100
siaracash.ma;Mahindra;mahindra;MAHINDRA Pik-up;175.900;https://siaracash.ma/voiture-neuve/mahindra/mahindra-pik-up
siaracash.ma;Mahindra;mahindra;MAHINDRA XUV 300;149.900;https://siaracash.ma/voiture-neuve/mahindra/mahindra-xuv-300
siaracash.ma;Mahindra;mahindra;MAHINDRA XUV 3XO;162.000;https://siaracash.ma/voiture-neuve/mahindra/mahindra-xuv-3xo
siaracash.ma;Maserati;maserati;MASERATI Ghibli;769.000;https://siaracash.ma/voiture-neuve/maserati/maserati-ghibli
siaracash.ma;Maserati;maserati;MASERATI GranTurismo;2.500.000;https://siaracash.ma/voiture-neuve/maserati/maserati-granturismo
siaracash.ma;Maserati;maserati;MASERATI Grecale;850.000;https://siaracash.ma/voiture-neuve/maserati/maserati-grecale
siaracash.ma;Maserati;maserati;MASERATI Levante;959.000;https://siaracash.ma/voiture-neuve/maserati/maserati-levante
siaracash.ma;Maserati;maserati;MASERATI MC20;3.900.000;https://siaracash.ma/voiture-neuve/maserati/maserati-mc20
siaracash.ma;Mazda;mazda;MAZDA 3;305.000;https://siaracash.ma/voiture-neuve/mazda/mazda-3
siaracash.ma;Mazda;mazda;MAZDA 3 Berline;295.000;https://siaracash.ma/voiture-neuve/mazda/mazda-3-berline
siaracash.ma;Mazda;mazda;MAZDA 6;422.000;https://siaracash.ma/voiture-neuve/mazda/mazda-6
siaracash.ma;Mazda;mazda;MAZDA CX-3;330.000;https://siaracash.ma/voiture-neuve/mazda/mazda-cx-3
siaracash.ma;Mazda;mazda;MAZDA CX-5;395.000;https://siaracash.ma/voiture-neuve/mazda/mazda-cx-5
siaracash.ma;Mercedes;mercedes;MERCEDES CLA Coupé;529.000;https://siaracash.ma/voiture-neuve/mercedes/mercedes-cla-coupe
siaracash.ma;Mercedes;mercedes;MERCEDES Classe A;434.000;https://siaracash.ma/voiture-neuve/mercedes/mercedes-classe-a
siaracash.ma;Mercedes;mercedes;MERCEDES Classe A Berline;454.000;https://siaracash.ma/voiture-neuve/mercedes/mercedes-classe-a-berline
siaracash.ma;Mercedes;mercedes;MERCEDES Classe C;564.000;https://siaracash.ma/voiture-neuve/mercedes/mercedes-classe-c
siaracash.ma;Mercedes;mercedes;MERCEDES Classe E;669.000;https://siaracash.ma/voiture-neuve/mercedes/mercedes-classe-e
siaracash.ma;Mercedes;mercedes;MERCEDES Classe E PHEV;789.000;https://siaracash.ma/voiture-neuve/mercedes/mercedes-classe-e-phev
siaracash.ma;Mercedes;mercedes;MERCEDES Classe G;1.740.000;https://siaracash.ma/voiture-neuve/mercedes/mercedes-classe-g
siaracash.ma;Mercedes;mercedes;MERCEDES Classe S;1.630.000;https://siaracash.ma/voiture-neuve/mercedes/mercedes-classe-s
siaracash.ma;Mercedes;mercedes;MERCEDES Classe S PHEV;1.970.000;https://siaracash.ma/voiture-neuve/mercedes/mercedes-classe-s-phev
siaracash.ma;Mercedes;mercedes;MERCEDES CLE Cabriolet;895.000;https://siaracash.ma/voiture-neuve/mercedes/mercedes-cle-cabriolet
siaracash.ma;Mercedes;mercedes;MERCEDES CLE Coupé;905.000;https://siaracash.ma/voiture-neuve/mercedes/mercedes-cle-coupe
siaracash.ma;Mercedes;mercedes;MERCEDES EQA;649.000;https://siaracash.ma/voiture-neuve/mercedes/mercedes-eqa
siaracash.ma;Mercedes;mercedes;MERCEDES EQB;679.000;https://siaracash.ma/voiture-neuve/mercedes/mercedes-eqb
siaracash.ma;Mercedes;mercedes;MERCEDES EQE;916.000;https://siaracash.ma/voiture-neuve/mercedes/mercedes-eqe
siaracash.ma;Mercedes;mercedes;MERCEDES EQE SUV;1.016.000;https://siaracash.ma/voiture-neuve/mercedes/mercedes-eqe-suv
siaracash.ma;Mercedes;mercedes;MERCEDES EQS;1.690.000;https://siaracash.ma/voiture-neuve/mercedes/mercedes-eqs
siaracash.ma;Mercedes;mercedes;MERCEDES EQS SUV;1.880.000;https://siaracash.ma/voiture-neuve/mercedes/mercedes-eqs-suv
siaracash.ma;Mercedes;mercedes;MERCEDES GLA;499.000;https://siaracash.ma/voiture-neuve/mercedes/mercedes-gla
siaracash.ma;Mercedes;mercedes;MERCEDES GLC;669.000;https://siaracash.ma/voiture-neuve/mercedes/mercedes-glc
siaracash.ma;Mercedes;mercedes;MERCEDES GLC Coupé;810.000;https://siaracash.ma/voiture-neuve/mercedes/mercedes-glc-coupe
siaracash.ma;Mercedes;mercedes;MERCEDES GLC PHEV;819.000;https://siaracash.ma/voiture-neuve/mercedes/mercedes-glc-phev
siaracash.ma;Mercedes;mercedes;MERCEDES GLE;949.000;https://siaracash.ma/voiture-neuve/mercedes/mercedes-gle
siaracash.ma;Mercedes;mercedes;MERCEDES GLE Coupé;1.299.000;https://siaracash.ma/voiture-neuve/mercedes/mercedes-gle-coupe
siaracash.ma;Mercedes;mercedes;MERCEDES GLS;1.450.000;https://siaracash.ma/voiture-neuve/mercedes/mercedes-gls
siaracash.ma;Mg;mg;MG HS;270.000;https://siaracash.ma/voiture-neuve/mg/mg-hs
siaracash.ma;Mg;mg;MG HS HEV;278.900;https://siaracash.ma/voiture-neuve/mg/mg-hs-hev
siaracash.ma;Mg;mg;MG Marvel-R;541.500;https://siaracash.ma/voiture-neuve/mg/mg-marvel-r
siaracash.ma;Mg;mg;MG MG 5;195.000;https://siaracash.ma/voiture-neuve/mg/mg-mg-5
siaracash.ma;Mg;mg;MG MG3;169.000;https://siaracash.ma/voiture-neuve/mg/mg-mg3
siaracash.ma;Mg;mg;MG MG3 +;202.000;https://siaracash.ma/voiture-neuve/mg/mg-mg3--
siaracash.ma;Mg;mg;MG ZS;268.000;https://siaracash.ma/voiture-neuve/mg/mg-zs
siaracash.ma;Mg;mg;MG ZS EV;231.750;https://siaracash.ma/voiture-neuve/mg/mg-zs-ev
siaracash.ma;Mg;mg;MG ZS HEV;259.000;https://siaracash.ma/voiture-neuve/mg/mg-zs-hev
siaracash.ma;Mini;mini;MINI 3 portes;274.500;https://siaracash.ma/voiture-neuve/mini/mini-3-portes
siaracash.ma;Mini;mini;MINI 5 portes;284.500;https://siaracash.ma/voiture-neuve/mini/mini-5-portes
siaracash.ma;Mini;mini;MINI Aceman;429.500;https://siaracash.ma/voiture-neuve/mini/mini-aceman
siaracash.ma;Mini;mini;MINI Cabrio;489.700;https://siaracash.ma/voiture-neuve/mini/mini-cabrio
siaracash.ma;Mini;mini;MINI Cooper 3 portes;325.000;https://siaracash.ma/voiture-neuve/mini/mini-cooper-3-portes
siaracash.ma;Mini;mini;MINI Cooper 3 portes Electric;399.500;https://siaracash.ma/voiture-neuve/mini/mini-cooper-3-portes-electric
siaracash.ma;Mini;mini;MINI Cooper 5 portes;338.500;https://siaracash.ma/voiture-neuve/mini/mini-cooper-5-portes
siaracash.ma;Mini;mini;MINI Countryman;313.000;https://siaracash.ma/voiture-neuve/mini/mini-countryman
siaracash.ma;Mini;mini;MINI Countryman Electric;542.000;https://siaracash.ma/voiture-neuve/mini/mini-countryman-electric
siaracash.ma;Mitsubishi;mitsubishi;MITSUBISHI Outlander;289.900;https://siaracash.ma/voiture-neuve/mitsubishi/mitsubishi-outlander
siaracash.ma;Mitsubishi;mitsubishi;MITSUBISHI Pajero Sport;384.000;https://siaracash.ma/voiture-neuve/mitsubishi/mitsubishi-pajero-sport
siaracash.ma;Nissan;nissan;NISSAN Juke;209.900;https://siaracash.ma/voiture-neuve/nissan/nissan-juke
siaracash.ma;Nissan;nissan;NISSAN Magnite;149.900;https://siaracash.ma/voiture-neuve/nissan/nissan-magnite
siaracash.ma;Nissan;nissan;NISSAN Qashqai;290.000;https://siaracash.ma/voiture-neuve/nissan/nissan-qashqai
siaracash.ma;Nissan;nissan;NISSAN Qashqai HEV;279.900;https://siaracash.ma/voiture-neuve/nissan/nissan-qashqai-hev
siaracash.ma;Nissan;nissan;NISSAN X-Trail;344.000;https://siaracash.ma/voiture-neuve/nissan/nissan-x-trail
siaracash.ma;Omoda;omoda;OMODA 3;209.000;https://siaracash.ma/voiture-neuve/omoda/omoda-3
siaracash.ma;Omoda;omoda;OMODA 5 SHS-H;285.000;https://siaracash.ma/voiture-neuve/omoda/omoda-5-shs-h
siaracash.ma;Omoda;omoda;OMODA C5;285.000;https://siaracash.ma/voiture-neuve/omoda/omoda-c5-
siaracash.ma;Omoda;omoda;OMODA E5;420.000;https://siaracash.ma/voiture-neuve/omoda/omoda-e5
siaracash.ma;Opel;opel;OPEL Astra;273.000;https://siaracash.ma/voiture-neuve/opel/opel-astra
siaracash.ma;Opel;opel;OPEL Corsa;189.000;https://siaracash.ma/voiture-neuve/opel/opel-corsa
siaracash.ma;Opel;opel;OPEL Crossland;256.000;https://siaracash.ma/voiture-neuve/opel/opel-crossland
siaracash.ma;Opel;opel;OPEL Frontera;229.000;https://siaracash.ma/voiture-neuve/opel/opel-frontera
siaracash.ma;Opel;opel;OPEL Frontera EV;289.000;https://siaracash.ma/voiture-neuve/opel/opel-frontera-ev
siaracash.ma;Opel;opel;OPEL Grandland;300.000;https://siaracash.ma/voiture-neuve/opel/opel-grandland
siaracash.ma;Opel;opel;OPEL Mokka;248.000;https://siaracash.ma/voiture-neuve/opel/opel-mokka
siaracash.ma;Opel;opel;OPEL Rocks-e;125.000;https://siaracash.ma/voiture-neuve/opel/opel-rocks-e
siaracash.ma;Peugeot;peugeot;PEUGEOT 2008;289.900;https://siaracash.ma/voiture-neuve/peugeot/peugeot-2008
siaracash.ma;Peugeot;peugeot;PEUGEOT 208;119.900;https://siaracash.ma/voiture-neuve/peugeot/peugeot-208
siaracash.ma;Peugeot;peugeot;PEUGEOT 3008;366.900;https://siaracash.ma/voiture-neuve/peugeot/peugeot-3008
siaracash.ma;Peugeot;peugeot;PEUGEOT 308;312.900;https://siaracash.ma/voiture-neuve/peugeot/peugeot-308
siaracash.ma;Peugeot;peugeot;PEUGEOT 408;359.900;https://siaracash.ma/voiture-neuve/peugeot/peugeot-408
siaracash.ma;Peugeot;peugeot;PEUGEOT 5008;415.000;https://siaracash.ma/voiture-neuve/peugeot/peugeot-5008
siaracash.ma;Peugeot;peugeot;PEUGEOT 508;429.900;https://siaracash.ma/voiture-neuve/peugeot/peugeot-508
siaracash.ma;Peugeot;peugeot;PEUGEOT e-208;407.900;https://siaracash.ma/voiture-neuve/peugeot/peugeot-e-208
siaracash.ma;Peugeot;peugeot;PEUGEOT Partner;229.900;https://siaracash.ma/voiture-neuve/peugeot/peugeot-partner
siaracash.ma;Peugeot;peugeot;PEUGEOT Rifter;244.900;https://siaracash.ma/voiture-neuve/peugeot/peugeot-rifter
siaracash.ma;Porsche;porsche;PORSCHE 718 Boxster;970.000;https://siaracash.ma/voiture-neuve/porsche/porsche-718-boxster
siaracash.ma;Porsche;porsche;PORSCHE 718 Cayman;940.000;https://siaracash.ma/voiture-neuve/porsche/porsche-718-cayman
siaracash.ma;Porsche;porsche;PORSCHE 911;1.590.000;https://siaracash.ma/voiture-neuve/porsche/porsche-911
siaracash.ma;Porsche;porsche;PORSCHE 911 Cabriolet;2.100.000;https://siaracash.ma/voiture-neuve/porsche/porsche-911-cabriolet
siaracash.ma;Porsche;porsche;PORSCHE 911 Targa;2.190.000;https://siaracash.ma/voiture-neuve/porsche/porsche-911-targa
siaracash.ma;Porsche;porsche;PORSCHE Cayenne;1.370.000;https://siaracash.ma/voiture-neuve/porsche/porsche-cayenne
siaracash.ma;Porsche;porsche;PORSCHE Cayenne Coupé;1.400.000;https://siaracash.ma/voiture-neuve/porsche/porsche-cayenne-coupe
siaracash.ma;Porsche;porsche;PORSCHE Macan;760.000;https://siaracash.ma/voiture-neuve/porsche/porsche-macan
siaracash.ma;Porsche;porsche;PORSCHE Panamera;1.800.000;https://siaracash.ma/voiture-neuve/porsche/porsche-panamera
siaracash.ma;Porsche;porsche;PORSCHE Taycan;1.350.000;https://siaracash.ma/voiture-neuve/porsche/porsche-taycan
siaracash.ma;Porsche;porsche;PORSCHE Taycan Cross Turismo;1.360.000;https://siaracash.ma/voiture-neuve/porsche/porsche-taycan-cross-turismo
siaracash.ma;Renault;renault;RENAULT 5 E-Tech;290.000;https://siaracash.ma/voiture-neuve/renault/renault-5-e-tech
siaracash.ma;Renault;renault;RENAULT Arkana;316.000;https://siaracash.ma/voiture-neuve/renault/renault-arkana
siaracash.ma;Renault;renault;RENAULT Austral;340.000;https://siaracash.ma/voiture-neuve/renault/renault-austral
siaracash.ma;Renault;renault;RENAULT Captur;241.500;https://siaracash.ma/voiture-neuve/renault/renault-captur
siaracash.ma;Renault;renault;RENAULT Clio;164.900;https://siaracash.ma/voiture-neuve/renault/renault-clio
siaracash.ma;Renault;renault;RENAULT Clio E-Tech;253.000;https://siaracash.ma/voiture-neuve/renault/renault-clio-e-tech
siaracash.ma;Renault;renault;RENAULT Express;175.000;https://siaracash.ma/voiture-neuve/renault/renault-express
siaracash.ma;Renault;renault;RENAULT Express VAN;155.000;https://siaracash.ma/voiture-neuve/renault/renault-express-van
siaracash.ma;Renault;renault;RENAULT Kangoo;249.000;https://siaracash.ma/voiture-neuve/renault/renault-kangoo
siaracash.ma;Renault;renault;RENAULT Kardian;179.000;https://siaracash.ma/voiture-neuve/renault/renault-kardian
siaracash.ma;Renault;renault;RENAULT Mégane;310.000;https://siaracash.ma/voiture-neuve/renault/renault-megane
siaracash.ma;Renault;renault;RENAULT Mégane E-Tech;422.000;https://siaracash.ma/voiture-neuve/renault/renault-megane-e-tech
siaracash.ma;Renault;renault;RENAULT Mégane Sedan;285.000;https://siaracash.ma/voiture-neuve/renault/renault-megane-sedan
siaracash.ma;Rox;rox;ROX 01;700.000;https://siaracash.ma/voiture-neuve/rox/rox-01-
siaracash.ma;Seat;seat;SEAT Arona;230.000;https://siaracash.ma/voiture-neuve/seat/seat-arona
siaracash.ma;Seat;seat;SEAT Ateca;329.900;https://siaracash.ma/voiture-neuve/seat/seat-ateca
siaracash.ma;Seat;seat;SEAT Ibiza;169.000;https://siaracash.ma/voiture-neuve/seat/seat-ibiza
siaracash.ma;Seat;seat;SEAT Leon;315.900;https://siaracash.ma/voiture-neuve/seat/seat-leon
siaracash.ma;Seat;seat;SEAT Tarraco;385.900;https://siaracash.ma/voiture-neuve/seat/seat-tarraco
siaracash.ma;Seres;seres;SERES Seres 3;390.000;https://siaracash.ma/voiture-neuve/seres/seres-seres-3
siaracash.ma;Seres;seres;SERES Seres 5;700.000;https://siaracash.ma/voiture-neuve/seres/seres-seres-5
siaracash.ma;Skoda;skoda;SKODA Fabia;179.000;https://siaracash.ma/voiture-neuve/skoda/skoda-fabia
siaracash.ma;Skoda;skoda;SKODA Kamiq;238.900;https://siaracash.ma/voiture-neuve/skoda/skoda-kamiq
siaracash.ma;Skoda;skoda;SKODA Karoq;329.900;https://siaracash.ma/voiture-neuve/skoda/skoda-karoq
siaracash.ma;Skoda;skoda;SKODA Kodiaq;389.000;https://siaracash.ma/voiture-neuve/skoda/skoda-kodiaq
siaracash.ma;Skoda;skoda;SKODA Octavia;299.900;https://siaracash.ma/voiture-neuve/skoda/skoda-octavia
siaracash.ma;Skoda;skoda;SKODA Scala;208.000;https://siaracash.ma/voiture-neuve/skoda/skoda-scala
siaracash.ma;Skoda;skoda;SKODA Superb;386.000;https://siaracash.ma/voiture-neuve/skoda/skoda-superb
siaracash.ma;Smart;smart;SMART #1;424.000;https://siaracash.ma/voiture-neuve/smart/smart-1
siaracash.ma;Smart;smart;SMART #3;439.000;https://siaracash.ma/voiture-neuve/smart/smart-3
siaracash.ma;Smart;smart;SMART #5;519.000;https://siaracash.ma/voiture-neuve/smart/smart-5
siaracash.ma;Soueast;soueast;SOUEAST S05 ICE;199.900;https://siaracash.ma/voiture-neuve/soueast/soueast-s05-ice
siaracash.ma;Soueast;soueast;SOUEAST S06 DM;289.900;https://siaracash.ma/voiture-neuve/soueast/soueast-s06-dm
siaracash.ma;Soueast;soueast;SOUEAST S06 ICE;224.900;https://siaracash.ma/voiture-neuve/soueast/soueast-s06-ice
siaracash.ma;Soueast;soueast;SOUEAST S07;254.900;https://siaracash.ma/voiture-neuve/soueast/soueast-s07
siaracash.ma;Soueast;soueast;SOUEAST S09;334.900;https://siaracash.ma/voiture-neuve/soueast/soueast-s09
siaracash.ma;Ssangyong;ssangyong;SSANGYONG Korando;219.000;https://siaracash.ma/voiture-neuve/ssangyong/ssangyong-korando
siaracash.ma;Ssangyong;ssangyong;SSANGYONG Rexton;279.000;https://siaracash.ma/voiture-neuve/ssangyong/ssangyong-rexton
siaracash.ma;Ssangyong;ssangyong;SSANGYONG Tivoli;219.000;https://siaracash.ma/voiture-neuve/ssangyong/ssangyong-tivoli
siaracash.ma;Suzuki;suzuki;SUZUKI Jimny;215.000;https://siaracash.ma/voiture-neuve/suzuki/suzuki-jimny
siaracash.ma;Suzuki;suzuki;SUZUKI Swift;182.000;https://siaracash.ma/voiture-neuve/suzuki/suzuki-swift
siaracash.ma;Toyota;toyota;TOYOTA C-HR;315.000;https://siaracash.ma/voiture-neuve/toyota/toyota-c-hr
siaracash.ma;Toyota;toyota;TOYOTA Corolla Prestige;268.900;https://siaracash.ma/voiture-neuve/toyota/toyota-corolla-prestige
siaracash.ma;Toyota;toyota;TOYOTA Corolla Sport;293.900;https://siaracash.ma/voiture-neuve/toyota/toyota-corolla-sport
siaracash.ma;Toyota;toyota;TOYOTA Corolla X SUV;303.900;https://siaracash.ma/voiture-neuve/toyota/toyota-corolla-x-suv
siaracash.ma;Toyota;toyota;TOYOTA Fortuner;463.900;https://siaracash.ma/voiture-neuve/toyota/toyota-fortuner
siaracash.ma;Toyota;toyota;TOYOTA Land Cruiser Prado;545.000;https://siaracash.ma/voiture-neuve/toyota/toyota-land-cruiser-prado
siaracash.ma;Toyota;toyota;TOYOTA RAV 4;358.900;https://siaracash.ma/voiture-neuve/toyota/toyota-rav-4
siaracash.ma;Toyota;toyota;TOYOTA Yaris Cross;259.900;https://siaracash.ma/voiture-neuve/toyota/toyota-yaris-cross
siaracash.ma;Toyota;toyota;TOYOTA Yaris HEV;220.200;https://siaracash.ma/voiture-neuve/toyota/toyota-yaris-hev
siaracash.ma;Volkswagen;volkswagen;VOLKSWAGEN Caddy;263.000;https://siaracash.ma/voiture-neuve/volkswagen/volkswagen-caddy
siaracash.ma;Volkswagen;volkswagen;VOLKSWAGEN Golf;329.000;https://siaracash.ma/voiture-neuve/volkswagen/volkswagen-golf
siaracash.ma;Volkswagen;volkswagen;VOLKSWAGEN T-Cross;319.000;https://siaracash.ma/voiture-neuve/volkswagen/volkswagen-t-cross
siaracash.ma;Volkswagen;volkswagen;VOLKSWAGEN T-ROC;349.000;https://siaracash.ma/voiture-neuve/volkswagen/volkswagen-t-roc
siaracash.ma;Volkswagen;volkswagen;VOLKSWAGEN Taigo;299.000;https://siaracash.ma/voiture-neuve/volkswagen/volkswagen-taigo
siaracash.ma;Volkswagen;volkswagen;VOLKSWAGEN Tiguan;400.000;https://siaracash.ma/voiture-neuve/volkswagen/volkswagen-tiguan
siaracash.ma;Volkswagen;volkswagen;VOLKSWAGEN Touareg;520.000;https://siaracash.ma/voiture-neuve/volkswagen/volkswagen-touareg
siaracash.ma;Volvo;volvo;VOLVO C40 Recharge;739.000;https://siaracash.ma/voiture-neuve/volvo/volvo-c40-recharge
siaracash.ma;Volvo;volvo;VOLVO EX30;460.000;https://siaracash.ma/voiture-neuve/volvo/volvo-ex30
siaracash.ma;Volvo;volvo;VOLVO S90;735.000;https://siaracash.ma/voiture-neuve/volvo/volvo-s90
siaracash.ma;Volvo;volvo;VOLVO S90 PHEV;829.000;https://siaracash.ma/voiture-neuve/volvo/volvo-s90-phev
siaracash.ma;Volvo;volvo;VOLVO XC40;450.000;https://siaracash.ma/voiture-neuve/volvo/volvo-xc40
siaracash.ma;Volvo;volvo;VOLVO XC40 Recharge;719.000;https://siaracash.ma/voiture-neuve/volvo/volvo-xc40-recharge
siaracash.ma;Volvo;volvo;VOLVO XC60;589.000;https://siaracash.ma/voiture-neuve/volvo/volvo-xc60
siaracash.ma;Volvo;volvo;VOLVO XC60 PHEV;749.000;https://siaracash.ma/voiture-neuve/volvo/volvo-xc60-phev
siaracash.ma;Volvo;volvo;VOLVO XC90 PHEV;859.000;https://siaracash.ma/voiture-neuve/volvo/volvo-xc90-phev
siaracash.ma;Xpeng;xpeng;XPENG G6;499.000;https://siaracash.ma/voiture-neuve/xpeng/xpeng-g6
siaracash.ma;Xpeng;xpeng;XPENG G9;599.000;https://siaracash.ma/voiture-neuve/xpeng/xpeng-g9
siaracash.ma;Zeekr;zeekr;ZEEKR 001;695.000;https://siaracash.ma/voiture-neuve/zeekr/zeekr-001
siaracash.ma;Zeekr;zeekr;ZEEKR 7X;575.000;https://siaracash.ma/voiture-neuve/zeekr/zeekr-7x
siaracash.ma;Zeekr;zeekr;ZEEKR X;379.000;https://siaracash.ma/voiture-neuve/zeekr/zeekr-x
